Family Name,Address,City,School
Thind,10340 171A Street,Surrey,Bothwell Elementary School
Singh,17155 102 Ave,Surrey,Bothwell Elementary School
Grewal,17141 102 Ave,Surrey,Bothwell Elementary School
Cheema,171125 102 Ave,Surrey,Bothwell Elementary School
Rogers,17061 102 Ave,Surrey,Bothwell Elementary School
Reyers,10240 170a St,Surrey,Bothwell Elementary School
Lee,17063 102a Ave,Surrey,Bothwell Elementary School
Li,17089 102a Ave,Surrey,Bothwell Elementary School
Kim Lee,17063 102a Ave,Surrey,Bothwell Elementary School
Park,10143 172 St,Surrey,Bothwell Elementary School
Thindivir,10037 172 St,Surrey,Bothwell Elementary School
Chaperton,10045 173 St,Surrey,Bothwell Elementary School
Basham,10145 173 St,Surrey,Bothwell Elementary School
Hackington,10295 173 St,Surrey,Bothwell Elementary School
Abbey,17302 Abbey Dr,Surrey,Bothwell Elementary School
Golly,17386 Abbey Dr,Surrey,Bothwell Elementary School
Harper,17323 103a Ave,Surrey,Bothwell Elementary School
Tarly,17323 103A Ave,Surrey,Bothwell Elementary School
Stark,10368 175 St,Surrey,Bothwell Elementary School
Lannisters,10336 175 St,Surrey,Bothwell Elementary School
Baratheons,16863 104 Ave,Surrey,Bothwell Elementary School
Tully,10468 168 St,Surrey,Bothwell Elementary School
Snow,10518 168 St,Surrey,Bothwell Elementary School
Sand,16855 105a Ave,Surrey,Bothwell Elementary School
Clegene,16925 105a Ave,Surrey,Bothwell Elementary School
Bolton,10507 169a St,Surrey,Bothwell Elementary School
Targaryen,16975 104a Ave,Surrey,Bothwell Elementary School
Martell,10528 170a St,Surrey,Bothwell Elementary School
Blackfyre,10498 171 St,Surrey,Bothwell Elementary School
Mormont,17101 104a Ave,Surrey,Bothwell Elementary School
Greyjoy,17138 104a Ave,Surrey,Bothwell Elementary School
Tyrell,17192 101a Ave,Surrey,Bothwell Elementary School
John,10130 171a St,Surrey,Bothwell Elementary School
Jake,10108 171a St,Surrey,Bothwell Elementary School
Jyro,16650 102 Ave,Surrey,Bothwell Elementary School
Food,16650 102 Ave,Surrey,Bothwell Elementary School
Poutine,16668 Parkview Pl,Surrey,Bothwell Elementary School
Poutang,16496 104 Ave,Surrey,Bothwell Elementary School
Guneria,9998 Lyncean Dr,Surrey,Bothwell Elementary School
Herpiph,9910 Lyncean Dr,Surrey,Bothwell Elementary School
Robinson,17738 100a Ave,Surrey,Bothwell Elementary School
Roogle,17786 100a Ave,Surrey,Bothwell Elementary School
Tinder,17786 100a Ave,Surrey,Bothwell Elementary School
Barinderie,10110 178 St,Surrey,Bothwell Elementary School
Kenneth,17768 100 Ave,Surrey,Bothwell Elementary School
Thankq,17782 100 Ave,Surrey,Bothwell Elementary School
Sedin,9926 180a St,Surrey,Bothwell Elementary School
Stamkos,18042 98a Ave,Surrey,Bothwell Elementary School
Snake,18028 98a Ave,Surrey,Bothwell Elementary School
Virtanen,10119 170a St,Surrey,Bothwell Elementary School
Virk,10197 170a St,Surrey,Bothwell Elementary School
Boeser,17136 102a Ave,Surrey,Bothwell Elementary School
Jovasdf,10270 171a St,Surrey,Bothwell Elementary School
Martin,10280 171a St,Surrey,Bothwell Elementary School
Fudoo,17138 171a St,Surrey,Bothwell Elementary School
